<?xml version="1.0" encoding="utf-8"?>
<Module>
	<Name value = "Belarusian Serve As Soldier"/>
	<Id value = "Belarusian Serve As Soldier"/>
	<Version value = "v1.0.2"/>
	<DefaultModule value="true"/>
	<SingleplayerModule value="true"/>
	<MultiplayerModule value="false"/>
	<Author value="Denis Makouski (Reiko17)" />
  	<Official value="false" />
	<DependedModules>
		<DependedModule Id="Native" DependentVersion="v1.0.2"/>
		<DependedModule Id="SandBoxCore" DependentVersion="v1.0.2"/>
		<DependedModule Id="Sandbox" DependentVersion="v1.0.2"/>
		<DependedModule Id="StoryMode" DependentVersion="v1.0.2"/>
		<DependedModule Id="Belarusian Core" DependentVersion="v1.0.2"/>
	</DependedModules>
	<SubModules/>
	<Xmls> 
	</Xmls>
</Module>