<?xml version="1.0" encoding="utf-8"?>
<Module>
	<Name value="Belarusian Core"/>
	<Id value="Belarusian Core"/>
	<Version value = "v1.0.0"/>
	<DefaultModule value="true"/>
	<SingleplayerModule value="true"/>
	<MultiplayerModule value="true"/>
	<Author value="Denis Makouski (Reiko17)" />
  	<Official value="false" />
	<DependedModules>
		<DependedModule Id="Native" DependentVersion="v1.0.0"/>
		<DependedModule Id="SandBoxCore" DependentVersion="v1.0.0"/>
		<DependedModule Id="Sandbox" DependentVersion="v1.0.0"/>
		<DependedModule Id="StoryMode" DependentVersion="v1.0.0"/>
	</DependedModules>
	<SubModules/>
	<Xmls> 
	</Xmls>
</Module>