<Tasks>
    <GetItem>
        <ItemId Value="2875208329"/>
        <!-- Can be found in the URL of your workshop item -->
    </GetItem>
    <UpdateItem>
        <ModuleFolder Value="C:\Program Files (x86)\Steam\steamapps\common\Mount &amp; Blade II Bannerlord\Modules\Belarusian.Core"/>
        <!-- A direct path of your module -->   
        <ChangeNotes Value="Фікс ангельскіх радкоў файла std_module_strings_xml_by. Іншыя маленькія фіксы." />
        <!-- Insert patch notes -->
        <Tags> 
            <!-- You can use the following tags: -->
            <!-- Type: Graphical Enhancement, Map Pack, Partial Conversion, Sound, Total Conversion, Troops, UI, Utility, Weapons and Armour -->
            <!-- Setting: Native, Antiquity, Dark Ages, Medieval, Musket Era, Modern, Sci-Fi, Fantasy, Oriental, Apocalypse, Other -->
            <!-- Game Mode: Singleplayer, Multiplayer -->
            <!-- Compatible Version: e1.9.0, v1.0.0,... The currently available versions can be found at the Steam Workshop "Browse by Tag" section -->
            <Tag Value="UI" />
            <Tag Value="Singleplayer" />
            <Tag Value="Multiplayer" />
            <Tag Value="v1.0.0" />
        </Tags>
    </UpdateItem>
</Tasks>